model,feature,importance
Linear Regression,B23025_007E,3.6242026577922366
Linear Regression,B23025_001E,2.517112666668424
Linear Regression,B23025_004E,2.038537346635444
Linear Regression,B23025_003E,1.926998776789313
Linear Regression,labor_force,1.9213241505634315
Linear Regression,B23025_002E,1.921324150563412
Linear Regression,B17001_057E,1.471165220504323
Linear Regression,B01001_030E,1.1643040197578693
Linear Regression,B01001_035E,1.0829994388343163
Linear Regression,B01001_005E,0.9477246039795495
Linear Regression,B01001_036E,0.8919843972219543
Linear Regression,B01001_004E,0.8204385703595576
Linear Regression,B17001_054E,0.6895730675130154
Linear Regression,B01001_013E,0.6476916466277408
Linear Regression,B17001_055E,0.6345829533356627
Linear Regression,B01001_039E,0.5576894843255521
Linear Regression,B01001_014E,0.5417456287058054
Linear Regression,B17001_040E,0.525404358829386
Linear Regression,B17001_044E,0.5209546224820154
Linear Regression,B01001_040E,0.5164153619653843
Linear Regression,B17001_042E,0.489601408544059
Linear Regression,B17001_035E,0.48386501796287196
Linear Regression,B15003_017E,0.4800612752807208
Linear Regression,B01001_022E,0.47589349427572
Linear Regression,B17001_052E,0.4677636439224489
Linear Regression,B17001_056E,0.45695382143709495
Linear Regression,B15003_020E,0.40886319768783597
Linear Regression,B01001_016E,0.39127841750301684
Linear Regression,B17001_036E,0.3754667515008102
Linear Regression,B15003_022E,0.364241159314143
Linear Regression,bachelors_degree,0.3642411593139684
Linear Regression,B01001_047E,0.33659673600023693
Linear Regression,B01001_046E,0.32829920283660996
Linear Regression,B17001_047E,0.3034381582557525
Linear Regression,B01001_034E,0.29378221752470096
Linear Regression,B17001_051E,0.2826099770949948
Linear Regression,B01001_017E,0.28249211750450115
Linear Regression,B01001_012E,0.2786925405942085
Linear Regression,B15003_001E,0.2774879856891885
Linear Regression,B01001_027E,0.27586172518211194
Linear Regression,B01001_021E,0.27483632712846057
Linear Regression,B01001_026E,0.27230883308229703
Linear Regression,B01001_041E,0.26881175752419767
Linear Regression,B17001_058E,0.2606782599928774
Linear Regression,B01001_020E,0.2605283245138306
Linear Regression,B02001_002E,0.2596075864151995
Linear Regression,white_population,0.2596075864150352
Linear Regression,B01001_043E,0.24835837954141587
Linear Regression,B01001_003E,0.24788661261247283
Linear Regression,B01001_037E,0.24345819828182685
Linear Regression,B01001_048E,0.24319847520980448
Linear Regression,B17001_045E,0.23815058690275154
Linear Regression,B01001_042E,0.2325459319072371
Linear Regression,B01001_007E,0.23107503686742017
Linear Regression,B01001_006E,0.21445911744741636
Linear Regression,B01001_045E,0.20596779061102916
Linear Regression,B17001_033E,0.20496340370036903
Linear Regression,B01001_038E,0.20393697323665855
Linear Regression,B01001_010E,0.20329112196748814
Linear Regression,B17001_028E,0.20060615247341493
Linear Regression,total_population,0.19076030004945463
Linear Regression,B02001_001E,0.19076030004938896
Linear Regression,B01001_001E,0.1907603000490585
Linear Regression,B01001_049E,0.19070282776340877
Linear Regression,B17001_049E,0.15654995200573257
Linear Regression,B17001_038E,0.15351217956720903
Linear Regression,B17001_059E,0.14630694119178217
Linear Regression,B01001_031E,0.14378782792661804
Linear Regression,B17001_032E,0.14319165140165038
Linear Regression,B01001_018E,0.1416045080535938
Linear Regression,B15003_021E,0.14139215051637444
Linear Regression,B17001_006E,0.13503982942464568
Linear Regression,B15003_018E,0.13106523419867855
Linear Regression,B01001_028E,0.12856902348989538
Linear Regression,B01001_044E,0.1282059106766703
Linear Regression,B15003_023E,0.11292530063503439
Linear Regression,masters_degree,0.11292530063472128
Linear Regression,B01001_015E,0.11180958739558151
Linear Regression,B01001_008E,0.1067855883038621
Linear Regression,B17001_043E,0.10564780728147283
Linear Regression,B01001_002E,0.10561613706943421
Linear Regression,B17001_023E,0.10283842112484337
Linear Regression,B17001_031E,0.10275515525980153
Linear Regression,B17001_018E,0.09740926976161002
Linear Regression,B17001_025E,0.09196012922627218
Linear Regression,B01001_032E,0.09168707406936528
Linear Regression,B01001_009E,0.0913583127685285
Linear Regression,B17001_001E,0.09080717785962902
Linear Regression,B17001_041E,0.08439598293408808
Linear Regression,B15003_014E,0.08282207083713325
Linear Regression,B02001_003E,0.08264634472856891
Linear Regression,black_population,0.08264634472837101
Linear Regression,B17001_034E,0.08221765551613075
Linear Regression,B01001_033E,0.08172978353187049
Linear Regression,B01001_029E,0.08047328420561761
Linear Regression,higher_education_rate,0.07901108949480923
Linear Regression,B01001_011E,0.07244259337302589
Linear Regression,B17001_050E,0.07219966697349697
Linear Regression,B02001_007E,0.07169664180029814
Linear Regression,B15003_011E,0.0704240547190173
Linear Regression,B01001_019E,0.0704237043199569
Linear Regression,B17001_053E,0.07020149121968511
Linear Regression,white_pct,0.06442397919251894
Linear Regression,B17001_020E,0.06337873340554918
Linear Regression,B17001_046E,0.06310126677950825
Linear Regression,B17001_014E,0.06219628398761758
Linear Regression,B15003_016E,0.06123201195415351
Linear Regression,unemployed,0.06112486122997235
Linear Regression,B23025_005E,0.06112486122997235
Linear Regression,B17001_015E,0.05802143024748353
Linear Regression,B25001_001E,0.05746296054826752
Linear Regression,total_housing_units,0.05746296054825796
Linear Regression,B17001_026E,0.056285511408651456
Linear Regression,B17001_037E,0.05594789721798543
Linear Regression,B15003_015E,0.05504954729503625
Linear Regression,B15003_019E,0.052846621209277966
Linear Regression,B02001_005E,0.05148541113478958
Linear Regression,asian_population,0.05148541113460668
Linear Regression,B15003_002E,0.05139259692151002
Linear Regression,B17001_039E,0.0463357934804803
Linear Regression,professional_degree,0.04521060779500141
Linear Regression,B15003_024E,0.045210607794978985
Linear Regression,B01001_025E,0.04458169576480948
Linear Regression,log_population,0.04184904452180238
Linear Regression,B02001_010E,0.04031562947828339
Linear Regression,B17001_022E,0.040069178275159156
Linear Regression,B17001_024E,0.0392144622228936
Linear Regression,B23025_006E,0.037677411895728354
Linear Regression,B17001_027E,0.03235332542846263
Linear Regression,B17001_029E,0.028709456172166886
Linear Regression,B15003_013E,0.028535755049173134
Linear Regression,doctorate_degree,0.026940895594363967
Linear Regression,B15003_025E,0.026940895594326664
Linear Regression,B17001_048E,0.025178275426763375
Linear Regression,B17001_009E,0.025164916090604825
Linear Regression,B01001_024E,0.025008753066652636
Linear Regression,B17001_021E,0.02346261386832512
Linear Regression,B02001_009E,0.02320724620757053
Linear Regression,B17001_005E,0.02320665292919582
Linear Regression,B15003_010E,0.021669520840829404
Linear Regression,black_pct,0.020478314898053747
Linear Regression,B17001_030E,0.020354592322066767
Linear Regression,B15003_009E,0.019372994465544302
Linear Regression,B01001_023E,0.018568500863611254
Linear Regression,B17001_007E,0.018456600898339837
Linear Regression,B17001_013E,0.017455564428245002
Linear Regression,B15003_012E,0.016468358857214094
Linear Regression,poverty_rate,0.016071316103770356
Linear Regression,B17001_012E,0.015857493907452364
Linear Regression,B15003_005E,0.013198386145524155
Linear Regression,B15003_006E,0.013103888732108195
Linear Regression,B02001_004E,0.01246570337783448
Linear Regression,B17001_003E,0.011390624270319914
Linear Regression,B02001_008E,0.010553573751547002
Linear Regression,B17001_016E,0.009751472533092859
Linear Regression,B15003_004E,0.009579047909670069
Linear Regression,unemployment_rate,0.008525501711982686
Linear Regression,below_poverty,0.007662342762760052
Linear Regression,B17001_002E,0.007662342762700537
Linear Regression,B17001_008E,0.00700228166385676
Linear Regression,B15003_007E,0.006980110999357789
Linear Regression,B02001_006E,0.006804610060784921
Linear Regression,asian_pct,0.006203340233960047
Linear Regression,B15003_008E,0.006007463354433917
Linear Regression,B17001_011E,0.005722487300719791
Linear Regression,B15003_003E,0.005359565454977011
Linear Regression,B17001_017E,0.00467360400752341
Linear Regression,B17001_019E,0.003549496182628037
Linear Regression,B17001_004E,0.0027580067173746114
Linear Regression,B17001_010E,0.0016982535806158022
Linear Regression,B19013_001E,0.0001225966949656293
Linear Regression,median_income,0.00012259669449371166
Ridge Regression,B23025_007E,0.15018049338920444
Ridge Regression,B01001_010E,0.1051547213039128
Ridge Regression,B23025_004E,0.08640823374151728
Ridge Regression,B23025_003E,0.08191516380582577
Ridge Regression,B23025_002E,0.08151524884243969
Ridge Regression,labor_force,0.08151524884243964
Ridge Regression,higher_education_rate,0.07912623029309025
Ridge Regression,B01001_047E,0.07872615662344674
Ridge Regression,B17001_040E,0.07515646295606776
Ridge Regression,B01001_048E,0.07512303710328784
Ridge Regression,B17001_042E,0.07024914103863818
Ridge Regression,B01001_011E,0.06625987267012808
Ridge Regression,B15003_019E,0.06468400426342881
Ridge Regression,white_pct,0.0645261774760226
Ridge Regression,B15003_021E,0.06434270157090144
Ridge Regression,B01001_005E,0.06305939806942988
Ridge Regression,B15003_011E,0.062348318410254865
Ridge Regression,B17001_039E,0.06174363475323095
Ridge Regression,B01001_035E,0.060929515042201024
Ridge Regression,B01001_025E,0.05923130813660002
Ridge Regression,B01001_042E,0.058933384375401555
Ridge Regression,B01001_029E,0.05862443399829185
Ridge Regression,B17001_054E,0.057615712917060684
Ridge Regression,B17001_041E,0.05611242490394308
Ridge Regression,B17001_038E,0.05426020239215895
Ridge Regression,bachelors_degree,0.053626157366594644
Ridge Regression,B15003_022E,0.053626157366519496
Ridge Regression,B01001_019E,0.05334717490289491
Ridge Regression,B01001_041E,0.053189472866208704
Ridge Regression,B01001_016E,0.05162800038719996
Ridge Regression,B01001_028E,0.05159444025049685
Ridge Regression,B17001_036E,0.05036499971365809
Ridge Regression,B17001_013E,0.049587325065045554
Ridge Regression,B15003_014E,0.04762082082523415
Ridge Regression,B17001_004E,0.047495081175384896
Ridge Regression,B01001_021E,0.04659892381402595
Ridge Regression,B01001_043E,0.04360641508014276
Ridge Regression,B17001_049E,0.043049760061420445
Ridge Regression,log_population,0.043046759188211846
Ridge Regression,B25001_001E,0.0425113942910841
Ridge Regression,total_housing_units,0.042511394291084054
Ridge Regression,B01001_038E,0.04231938188779816
Ridge Regression,B17001_014E,0.04147594700266184
Ridge Regression,B01001_036E,0.04130641504309545
Ridge Regression,B17001_035E,0.040731516437668286
Ridge Regression,B01001_037E,0.040389730016823645
Ridge Regression,B15003_018E,0.03838106977099436
Ridge Regression,B17001_053E,0.03754615204206817
Ridge Regression,B17001_055E,0.035706521437976105
Ridge Regression,B15003_017E,0.03530543889652088
Ridge Regression,B17001_059E,0.03484685098966484
Ridge Regression,B17001_032E,0.034629491428261
Ridge Regression,B02001_009E,0.034142436321413866
Ridge Regression,B17001_007E,0.03290493625583975
Ridge Regression,B15003_020E,0.03286949201420134
Ridge Regression,B17001_026E,0.03280292492126817
Ridge Regression,B17001_051E,0.0324890590269497
Ridge Regression,B01001_044E,0.031233934474580997
Ridge Regression,B01001_031E,0.030952949442960346
Ridge Regression,B01001_004E,0.030616628123658226
Ridge Regression,B17001_012E,0.030361914923583335
Ridge Regression,B17001_020E,0.028862987601658143
Ridge Regression,B17001_024E,0.027918186946629182
Ridge Regression,B17001_021E,0.027546192682885582
Ridge Regression,B17001_011E,0.02713803789200701
Ridge Regression,B01001_023E,0.026040958804342082
Ridge Regression,B01001_007E,0.025842741289301013
Ridge Regression,B15003_009E,0.02468947565126858
Ridge Regression,B01001_014E,0.02458319759436572
Ridge Regression,B17001_025E,0.023848186469400217
Ridge Regression,B01001_006E,0.02359338255738583
Ridge Regression,B17001_050E,0.023502164033203057
Ridge Regression,B17001_031E,0.023489492209916207
Ridge Regression,B17001_022E,0.023431248791116265
Ridge Regression,B01001_045E,0.022778612959705277
Ridge Regression,masters_degree,0.022248573138085207
Ridge Regression,B15003_023E,0.022248573138027118
Ridge Regression,B17001_018E,0.02183860154792597
Ridge Regression,B17001_001E,0.020750487818920336
Ridge Regression,B01001_049E,0.020702143566336734
Ridge Regression,black_pct,0.02009669674427873
Ridge Regression,B17001_028E,0.019945167709215915
Ridge Regression,B01001_009E,0.01896367820263317
Ridge Regression,B15003_006E,0.018832340358834545
Ridge Regression,B17001_058E,0.017923103266632986
Ridge Regression,B15003_015E,0.017287383162563605
Ridge Regression,B01001_030E,0.017135283035192943
Ridge Regression,B01001_013E,0.01707920473752836
Ridge Regression,B15003_013E,0.016991664268841206
Ridge Regression,B01001_022E,0.016836803690261366
Ridge Regression,B17001_016E,0.015736068945242234
Ridge Regression,B15003_004E,0.015676649824922558
Ridge Regression,B01001_046E,0.015283941696950819
Ridge Regression,B17001_027E,0.015004483894613266
Ridge Regression,poverty_rate,0.014450380805143877
Ridge Regression,B01001_003E,0.01409758129178931
Ridge Regression,B15003_024E,0.01357944087808643
Ridge Regression,professional_degree,0.01357944087760648
Ridge Regression,B17001_052E,0.013362932726201987
Ridge Regression,B02001_007E,0.013287888424281587
Ridge Regression,B01001_002E,0.012950892505091339
Ridge Regression,B17001_046E,0.012566168226470114
Ridge Regression,B17001_019E,0.011910434982374506
Ridge Regression,B02001_008E,0.011868704170546467
Ridge Regression,B01001_024E,0.011865559377374692
Ridge Regression,B01001_018E,0.011497524597705843
Ridge Regression,B15003_012E,0.011334780463027876
Ridge Regression,B02001_010E,0.011111542329739973
Ridge Regression,B23025_006E,0.01026671085254204
Ridge Regression,B01001_033E,0.010181282490856206
Ridge Regression,B17001_047E,0.009913996041140351
Ridge Regression,B17001_006E,0.009318368146894527
Ridge Regression,B15003_007E,0.009178380468402499
Ridge Regression,B17001_010E,0.008564445300067997
Ridge Regression,unemployment_rate,0.008557617991468723
Ridge Regression,B17001_044E,0.008541344399671861
Ridge Regression,B17001_023E,0.008277825862737915
Ridge Regression,B17001_037E,0.008142516594319584
Ridge Regression,B01001_020E,0.007365914280534583
Ridge Regression,B15003_002E,0.007323641800864639
Ridge Regression,B17001_057E,0.007161148352519321
Ridge Regression,B01001_027E,0.006969713842236642
Ridge Regression,B17001_017E,0.0068487752772796555
Ridge Regression,unemployed,0.006623133473354638
Ridge Regression,B23025_005E,0.006623133473354576
Ridge Regression,B17001_030E,0.0061974024144207445
Ridge Regression,B01001_026E,0.006183962321634845
Ridge Regression,asian_pct,0.006175709416071054
Ridge Regression,B01001_012E,0.006097016418932603
Ridge Regression,B15003_005E,0.005928760615831856
Ridge Regression,B15003_010E,0.005642408117114779
Ridge Regression,B02001_003E,0.005406024894045096
Ridge Regression,black_population,0.005406024893961626
Ridge Regression,B01001_034E,0.005132569628256073
Ridge Regression,B15003_003E,0.004981242220086362
Ridge Regression,B17001_056E,0.004905960228080244
Ridge Regression,B17001_003E,0.004748305713485822
Ridge Regression,B01001_039E,0.003856467038280815
Ridge Regression,B17001_015E,0.00365208520173438
Ridge Regression,B17001_008E,0.0032965556146901604
Ridge Regression,B01001_001E,0.003181035357208696
Ridge Regression,B02001_001E,0.0031810353571903407
Ridge Regression,total_population,0.003181035356779676
Ridge Regression,B01001_032E,0.003033047991034478
Ridge Regression,B17001_045E,0.002684540849851367
Ridge Regression,B17001_033E,0.002640063521630646
Ridge Regression,B15003_025E,0.002464039081533571
Ridge Regression,doctorate_degree,0.0024640390813949913
Ridge Regression,B02001_004E,0.0022926236484486157
Ridge Regression,B17001_029E,0.0022036306954483094
Ridge Regression,B17001_005E,0.0022031130778231937
Ridge Regression,B01001_040E,0.0021489912171915896
Ridge Regression,B01001_015E,0.00199216866724207
Ridge Regression,B02001_005E,0.001990096553864637
Ridge Regression,asian_population,0.001990096553716242
Ridge Regression,B17001_048E,0.0019627389276328706
Ridge Regression,B17001_034E,0.0018828264125110925
Ridge Regression,B01001_017E,0.0018567549543433693
Ridge Regression,B15003_008E,0.00184237618212842
Ridge Regression,below_poverty,0.0016943086489475917
Ridge Regression,B17001_002E,0.0016943086487487679
Ridge Regression,B23025_001E,0.0015328899397149829
Ridge Regression,B17001_009E,0.001201461258810241
Ridge Regression,B01001_008E,0.001167813402258683
Ridge Regression,B15003_016E,0.0010173529736167088
Ridge Regression,B02001_006E,0.0008956294364202242
Ridge Regression,median_income,0.0008924933938347033
Ridge Regression,B19013_001E,0.0008924933938056355
Ridge Regression,B15003_001E,0.0008849357789786071
Ridge Regression,B17001_043E,0.0006367858658885152
Ridge Regression,B02001_002E,0.0005680090317324484
Ridge Regression,white_population,0.0005680090313980395
Decision Tree Regressor,doctorate_degree,0.38497472158181023
Decision Tree Regressor,white_pct,0.30071618423186525
Decision Tree Regressor,B15003_024E,0.11203354243446012
Decision Tree Regressor,higher_education_rate,0.09818143956143563
Decision Tree Regressor,B15003_025E,0.04247704889615798
Decision Tree Regressor,B23025_007E,0.026265279952936232
Decision Tree Regressor,poverty_rate,0.006056211981599472
Decision Tree Regressor,B15003_011E,0.0052493752952950485
Decision Tree Regressor,B17001_037E,0.005248953060705888
Decision Tree Regressor,masters_degree,0.004816606348485919
Decision Tree Regressor,B17001_009E,0.0031700497246264525
Decision Tree Regressor,B02001_005E,0.002504172353204415
Decision Tree Regressor,B02001_003E,0.002322789722741027
Decision Tree Regressor,B17001_022E,0.0014934091023463603
Decision Tree Regressor,B25001_001E,0.0013714911320503037
Decision Tree Regressor,B17001_027E,0.0012621746199502236
Decision Tree Regressor,B17001_045E,0.0012017510580342393
Decision Tree Regressor,B17001_015E,0.0006547989422954607
Decision Tree Regressor,B01001_017E,0.0
Decision Tree Regressor,B01001_018E,0.0
Decision Tree Regressor,B01001_021E,0.0
Decision Tree Regressor,B01001_022E,0.0
Decision Tree Regressor,B01001_023E,0.0
Decision Tree Regressor,B01001_024E,0.0
Decision Tree Regressor,B01001_025E,0.0
Decision Tree Regressor,B01001_026E,0.0
Decision Tree Regressor,B01001_019E,0.0
Decision Tree Regressor,B01001_020E,0.0
Decision Tree Regressor,B01001_013E,0.0
Decision Tree Regressor,B01001_014E,0.0
Decision Tree Regressor,B01001_015E,0.0
Decision Tree Regressor,B01001_016E,0.0
Decision Tree Regressor,B01001_001E,0.0
Decision Tree Regressor,B01001_002E,0.0
Decision Tree Regressor,B01001_003E,0.0
Decision Tree Regressor,B01001_004E,0.0
Decision Tree Regressor,B01001_005E,0.0
Decision Tree Regressor,B01001_006E,0.0
Decision Tree Regressor,B01001_007E,0.0
Decision Tree Regressor,B01001_008E,0.0
Decision Tree Regressor,B01001_009E,0.0
Decision Tree Regressor,B01001_010E,0.0
Decision Tree Regressor,B01001_011E,0.0
Decision Tree Regressor,B01001_012E,0.0
Decision Tree Regressor,B01001_044E,0.0
Decision Tree Regressor,B01001_043E,0.0
Decision Tree Regressor,B01001_042E,0.0
Decision Tree Regressor,B01001_041E,0.0
Decision Tree Regressor,B01001_040E,0.0
Decision Tree Regressor,B01001_039E,0.0
Decision Tree Regressor,B01001_038E,0.0
Decision Tree Regressor,B01001_037E,0.0
Decision Tree Regressor,B01001_036E,0.0
Decision Tree Regressor,B01001_035E,0.0
Decision Tree Regressor,B01001_034E,0.0
Decision Tree Regressor,B01001_033E,0.0
Decision Tree Regressor,B01001_032E,0.0
Decision Tree Regressor,B01001_031E,0.0
Decision Tree Regressor,B01001_030E,0.0
Decision Tree Regressor,B01001_029E,0.0
Decision Tree Regressor,B01001_028E,0.0
Decision Tree Regressor,B01001_027E,0.0
Decision Tree Regressor,B15003_001E,0.0
Decision Tree Regressor,B15003_002E,0.0
Decision Tree Regressor,B15003_006E,0.0
Decision Tree Regressor,B15003_007E,0.0
Decision Tree Regressor,B15003_004E,0.0
Decision Tree Regressor,B15003_003E,0.0
Decision Tree Regressor,B02001_002E,0.0
Decision Tree Regressor,B02001_004E,0.0
Decision Tree Regressor,B02001_006E,0.0
Decision Tree Regressor,B01001_047E,0.0
Decision Tree Regressor,B01001_048E,0.0
Decision Tree Regressor,B01001_049E,0.0
Decision Tree Regressor,B02001_001E,0.0
Decision Tree Regressor,B01001_045E,0.0
Decision Tree Regressor,B15003_017E,0.0
Decision Tree Regressor,B15003_016E,0.0
Decision Tree Regressor,B15003_015E,0.0
Decision Tree Regressor,B15003_014E,0.0
Decision Tree Regressor,B15003_013E,0.0
Decision Tree Regressor,B15003_021E,0.0
Decision Tree Regressor,B15003_018E,0.0
Decision Tree Regressor,B15003_019E,0.0
Decision Tree Regressor,B19013_001E,0.0
Decision Tree Regressor,B17001_001E,0.0
Decision Tree Regressor,B17001_002E,0.0
Decision Tree Regressor,B17001_003E,0.0
Decision Tree Regressor,B17001_004E,0.0
Decision Tree Regressor,B15003_020E,0.0
Decision Tree Regressor,B15003_023E,0.0
Decision Tree Regressor,B15003_022E,0.0
Decision Tree Regressor,B17001_007E,0.0
Decision Tree Regressor,B17001_006E,0.0
Decision Tree Regressor,B17001_005E,0.0
Decision Tree Regressor,B17001_010E,0.0
Decision Tree Regressor,B17001_011E,0.0
Decision Tree Regressor,B17001_012E,0.0
Decision Tree Regressor,B15003_008E,0.0
Decision Tree Regressor,B15003_005E,0.0
Decision Tree Regressor,B15003_009E,0.0
Decision Tree Regressor,B15003_010E,0.0
Decision Tree Regressor,B15003_012E,0.0
Decision Tree Regressor,B02001_007E,0.0
Decision Tree Regressor,B02001_008E,0.0
Decision Tree Regressor,B02001_009E,0.0
Decision Tree Regressor,B02001_010E,0.0
Decision Tree Regressor,B01001_046E,0.0
Decision Tree Regressor,B17001_023E,0.0
Decision Tree Regressor,B17001_021E,0.0
Decision Tree Regressor,B17001_020E,0.0
Decision Tree Regressor,B17001_019E,0.0
Decision Tree Regressor,B17001_017E,0.0
Decision Tree Regressor,B17001_018E,0.0
Decision Tree Regressor,B17001_016E,0.0
Decision Tree Regressor,B17001_014E,0.0
Decision Tree Regressor,B17001_008E,0.0
Decision Tree Regressor,B17001_013E,0.0
Decision Tree Regressor,B17001_031E,0.0
Decision Tree Regressor,B17001_025E,0.0
Decision Tree Regressor,B17001_028E,0.0
Decision Tree Regressor,B17001_029E,0.0
Decision Tree Regressor,B17001_030E,0.0
Decision Tree Regressor,B17001_024E,0.0
Decision Tree Regressor,B17001_039E,0.0
Decision Tree Regressor,B17001_040E,0.0
Decision Tree Regressor,B17001_042E,0.0
Decision Tree Regressor,B17001_041E,0.0
Decision Tree Regressor,B17001_043E,0.0
Decision Tree Regressor,B17001_044E,0.0
Decision Tree Regressor,B17001_046E,0.0
Decision Tree Regressor,B17001_047E,0.0
Decision Tree Regressor,B17001_048E,0.0
Decision Tree Regressor,B17001_032E,0.0
Decision Tree Regressor,B17001_034E,0.0
Decision Tree Regressor,B17001_033E,0.0
Decision Tree Regressor,B17001_035E,0.0
Decision Tree Regressor,B17001_036E,0.0
Decision Tree Regressor,B17001_038E,0.0
Decision Tree Regressor,B17001_026E,0.0
Decision Tree Regressor,B17001_055E,0.0
Decision Tree Regressor,B17001_054E,0.0
Decision Tree Regressor,B17001_053E,0.0
Decision Tree Regressor,B17001_052E,0.0
Decision Tree Regressor,B17001_051E,0.0
Decision Tree Regressor,B17001_050E,0.0
Decision Tree Regressor,B17001_049E,0.0
Decision Tree Regressor,B17001_056E,0.0
Decision Tree Regressor,B23025_004E,0.0
Decision Tree Regressor,B23025_003E,0.0
Decision Tree Regressor,B23025_006E,0.0
Decision Tree Regressor,B17001_057E,0.0
Decision Tree Regressor,B23025_001E,0.0
Decision Tree Regressor,B23025_002E,0.0
Decision Tree Regressor,B17001_058E,0.0
Decision Tree Regressor,B17001_059E,0.0
Decision Tree Regressor,labor_force,0.0
Decision Tree Regressor,total_housing_units,0.0
Decision Tree Regressor,median_income,0.0
Decision Tree Regressor,total_population,0.0
Decision Tree Regressor,B23025_005E,0.0
Decision Tree Regressor,bachelors_degree,0.0
Decision Tree Regressor,below_poverty,0.0
Decision Tree Regressor,unemployed,0.0
Decision Tree Regressor,black_population,0.0
Decision Tree Regressor,white_population,0.0
Decision Tree Regressor,professional_degree,0.0
Decision Tree Regressor,asian_population,0.0
Decision Tree Regressor,unemployment_rate,0.0
Decision Tree Regressor,black_pct,0.0
Decision Tree Regressor,asian_pct,0.0
Decision Tree Regressor,log_population,0.0
Random Forest Regressor,white_pct,0.25527099729167274
Random Forest Regressor,doctorate_degree,0.12637410752448586
Random Forest Regressor,B15003_025E,0.10957542053783893
Random Forest Regressor,higher_education_rate,0.10851169391040917
Random Forest Regressor,B02001_005E,0.033199754526676305
Random Forest Regressor,asian_population,0.03172665194035691
Random Forest Regressor,asian_pct,0.029273767268566498
Random Forest Regressor,B15003_024E,0.024250611608879428
Random Forest Regressor,professional_degree,0.021494760567889955
Random Forest Regressor,black_pct,0.016878193138065024
Random Forest Regressor,poverty_rate,0.012164559280776827
Random Forest Regressor,B02001_003E,0.010611944801457118
Random Forest Regressor,black_population,0.009634099013881731
Random Forest Regressor,B15003_021E,0.00718201433506388
Random Forest Regressor,bachelors_degree,0.006874779518875989
Random Forest Regressor,B15003_022E,0.006019204212311694
Random Forest Regressor,B02001_009E,0.005391844533040817
Random Forest Regressor,B23025_007E,0.00534954479749712
Random Forest Regressor,unemployment_rate,0.004916867236223829
Random Forest Regressor,B15003_011E,0.00435369712946329
Random Forest Regressor,B17001_010E,0.004220105150190171
Random Forest Regressor,B01001_049E,0.003931161119535702
Random Forest Regressor,B15003_007E,0.0036403301179259713
Random Forest Regressor,B17001_024E,0.0027589087385064817
Random Forest Regressor,B02001_004E,0.0027208852029699596
Random Forest Regressor,B02001_010E,0.002669292536655833
Random Forest Regressor,B01001_025E,0.0025844592888739026
Random Forest Regressor,B15003_014E,0.002542560200378829
Random Forest Regressor,B15003_013E,0.002492681191796271
Random Forest Regressor,B02001_007E,0.002419480692660386
Random Forest Regressor,B15003_010E,0.002373420894128983
Random Forest Regressor,median_income,0.0023228373473717155
Random Forest Regressor,B17001_051E,0.002254873716228954
Random Forest Regressor,B17001_037E,0.00224288164240041
Random Forest Regressor,B02001_008E,0.002190327697686072
Random Forest Regressor,B19013_001E,0.002152836239075985
Random Forest Regressor,B17001_014E,0.002120780388672816
Random Forest Regressor,B17001_044E,0.0020821083278461903
Random Forest Regressor,B01001_031E,0.002079291899048999
Random Forest Regressor,B15003_017E,0.0020500671021026298
Random Forest Regressor,B15003_018E,0.002011193443854669
Random Forest Regressor,B15003_023E,0.00201082341827095
Random Forest Regressor,B01001_033E,0.0019679544779023592
Random Forest Regressor,B23025_006E,0.001959461815031358
Random Forest Regressor,B15003_006E,0.0019145668162445356
Random Forest Regressor,B01001_032E,0.0019045223782780836
Random Forest Regressor,B17001_009E,0.0018570797549964202
Random Forest Regressor,B15003_019E,0.0018554752261431499
Random Forest Regressor,B17001_004E,0.0018467478325910295
Random Forest Regressor,masters_degree,0.0018280881851002891
Random Forest Regressor,B17001_021E,0.0018072747060211797
Random Forest Regressor,B01001_021E,0.0017272642895578086
Random Forest Regressor,B01001_046E,0.0017144850751376268
Random Forest Regressor,B17001_045E,0.0017102114321887877
Random Forest Regressor,B15003_015E,0.0016960112233606094
Random Forest Regressor,B17001_057E,0.0016639692176698636
Random Forest Regressor,B01001_008E,0.001630757905615278
Random Forest Regressor,B15003_012E,0.001629423960854733
Random Forest Regressor,B02001_006E,0.001617177129936232
Random Forest Regressor,B15003_008E,0.0015846024714893966
Random Forest Regressor,B17001_023E,0.001578072125722754
Random Forest Regressor,B17001_034E,0.0015693867766863885
Random Forest Regressor,B17001_016E,0.0015461936370817937
Random Forest Regressor,B15003_002E,0.0014991418745755197
Random Forest Regressor,B17001_036E,0.001496016382752431
Random Forest Regressor,B15003_009E,0.001451183366074496
Random Forest Regressor,B01001_045E,0.0014398297523862565
Random Forest Regressor,B17001_018E,0.0014284883457843457
Random Forest Regressor,B17001_005E,0.0014123684253548481
Random Forest Regressor,B01001_024E,0.001386528340413083
Random Forest Regressor,B01001_009E,0.0013747477154425673
Random Forest Regressor,B01001_020E,0.0013605022535082203
Random Forest Regressor,B17001_019E,0.00133660716369513
Random Forest Regressor,B25001_001E,0.0013129287810079878
Random Forest Regressor,B17001_011E,0.0012951676696125462
Random Forest Regressor,B01001_022E,0.0012906846627810096
Random Forest Regressor,B17001_008E,0.0012761820544812958
Random Forest Regressor,B17001_015E,0.0012539000897759005
Random Forest Regressor,B17001_006E,0.0012358197115867806
Random Forest Regressor,B17001_020E,0.0012355950884361396
Random Forest Regressor,B01001_043E,0.0012290470963425436
Random Forest Regressor,B17001_048E,0.0012160040578759357
Random Forest Regressor,B15003_005E,0.001188666588596264
Random Forest Regressor,B01001_044E,0.001176607714850105
Random Forest Regressor,B17001_022E,0.001171572108478152
Random Forest Regressor,B17001_013E,0.001166697285659489
Random Forest Regressor,B01001_023E,0.0011593053848010697
Random Forest Regressor,total_housing_units,0.0011268691056468324
Random Forest Regressor,B17001_052E,0.001113178501911701
Random Forest Regressor,B17001_012E,0.00109899187285247
Random Forest Regressor,B17001_007E,0.0010985080234398596
Random Forest Regressor,B02001_002E,0.0010802683532200991
Random Forest Regressor,B01001_048E,0.0010603408899767439
Random Forest Regressor,B15003_004E,0.0010430644964281633
Random Forest Regressor,B01001_042E,0.0010430584370805602
Random Forest Regressor,B15003_016E,0.0010389657767307403
Random Forest Regressor,B17001_050E,0.0010252961860683348
Random Forest Regressor,B17001_025E,0.0010219882753220862
Random Forest Regressor,B17001_027E,0.0010211048171470372
Random Forest Regressor,B17001_028E,0.0009977450906151974
Random Forest Regressor,B17001_029E,0.00099440651877867
Random Forest Regressor,unemployed,0.0009773354513556538
Random Forest Regressor,B01001_010E,0.0009223942905368798
Random Forest Regressor,B23025_005E,0.0009106516142694957
Random Forest Regressor,B15003_003E,0.0008728890158234836
Random Forest Regressor,B17001_030E,0.0008358500722642684
Random Forest Regressor,B01001_019E,0.0008168075544971224
Random Forest Regressor,B17001_038E,0.0008010525560394367
Random Forest Regressor,B01001_014E,0.000788911410309798
Random Forest Regressor,B01001_034E,0.0007725604593330026
Random Forest Regressor,B17001_003E,0.0007703577059208808
Random Forest Regressor,B17001_026E,0.0007646056856517741
Random Forest Regressor,B01001_007E,0.0007574494758697014
Random Forest Regressor,B01001_018E,0.0007431156053795473
Random Forest Regressor,B17001_059E,0.0007252654932670337
Random Forest Regressor,B01001_029E,0.0007148562354137477
Random Forest Regressor,B01001_006E,0.0007113883299406663
Random Forest Regressor,B01001_035E,0.0006906039929040985
Random Forest Regressor,B17001_058E,0.0006888761373700839
Random Forest Regressor,B01001_041E,0.0006373145504966284
Random Forest Regressor,B15003_001E,0.000630045461683362
Random Forest Regressor,B15003_020E,0.0006120038918831822
Random Forest Regressor,B01001_005E,0.0006077069398904992
Random Forest Regressor,B17001_033E,0.0006046233608532258
Random Forest Regressor,B01001_030E,0.0005902838542391335
Random Forest Regressor,B01001_003E,0.0005895128140996037
Random Forest Regressor,B01001_004E,0.0005868604478030356
Random Forest Regressor,B17001_047E,0.000578671720583219
Random Forest Regressor,B01001_047E,0.0005257826492100413
Random Forest Regressor,B17001_049E,0.0004993793632060377
Random Forest Regressor,B17001_035E,0.0004959936775431161
Random Forest Regressor,B17001_054E,0.0004943873446971258
Random Forest Regressor,B17001_053E,0.0004934231812266293
Random Forest Regressor,white_population,0.0004757436045630874
Random Forest Regressor,B01001_013E,0.00046912879348620694
Random Forest Regressor,B17001_040E,0.0004331742716545916
Random Forest Regressor,B01001_017E,0.00043302265672877095
Random Forest Regressor,B01001_038E,0.00043262635993175945
Random Forest Regressor,B17001_039E,0.0004185998630668484
Random Forest Regressor,B17001_017E,0.0003977540838992931
Random Forest Regressor,B01001_012E,0.00038075452249676257
Random Forest Regressor,B01001_028E,0.0003546629760835989
Random Forest Regressor,B01001_016E,0.0003482593541107773
Random Forest Regressor,B01001_037E,0.0003461360985341299
Random Forest Regressor,B01001_002E,0.0003426568676433033
Random Forest Regressor,B01001_036E,0.000316594646772134
Random Forest Regressor,B01001_015E,0.00031146126761619837
Random Forest Regressor,B01001_039E,0.000305078146730127
Random Forest Regressor,B01001_011E,0.0002936701648510012
Random Forest Regressor,B01001_027E,0.0002932502644112958
Random Forest Regressor,B17001_055E,0.0002730489039012296
Random Forest Regressor,B17001_042E,0.0002659139220770907
Random Forest Regressor,B23025_001E,0.0002547562632182404
Random Forest Regressor,B01001_040E,0.0002521888148059732
Random Forest Regressor,B17001_056E,0.0002511911066609787
Random Forest Regressor,below_poverty,0.0002300295811206795
Random Forest Regressor,B17001_041E,0.000224834359138046
Random Forest Regressor,labor_force,0.00019090339316730776
Random Forest Regressor,B17001_043E,0.00018855160296184554
Random Forest Regressor,B17001_031E,0.00016762254493670237
Random Forest Regressor,B17001_002E,0.00016077933496391907
Random Forest Regressor,B23025_003E,0.00015608317678451018
Random Forest Regressor,B17001_032E,0.00015544015641904773
Random Forest Regressor,B17001_046E,0.0001498899095380713
Random Forest Regressor,log_population,0.0001345919671041468
Random Forest Regressor,B23025_004E,0.00012032233538016952
Random Forest Regressor,B01001_026E,0.00011970304399976289
Random Forest Regressor,B17001_001E,0.00010556753390950111
Random Forest Regressor,B02001_001E,9.569280980864843e-05
Random Forest Regressor,B23025_002E,8.851797316668242e-05
Random Forest Regressor,B01001_001E,8.157713532316939e-05
Random Forest Regressor,total_population,7.73356187573265e-05
Gradient Boosting Regressor,white_pct,0.2886646164272319
Gradient Boosting Regressor,higher_education_rate,0.17476894721023836
Gradient Boosting Regressor,doctorate_degree,0.11039053268173514
Gradient Boosting Regressor,B15003_025E,0.0867633511587053
Gradient Boosting Regressor,asian_pct,0.06275145581071939
Gradient Boosting Regressor,B15003_024E,0.03747014148337714
Gradient Boosting Regressor,black_pct,0.026008986560159722
Gradient Boosting Regressor,B17001_024E,0.01778300974117336
Gradient Boosting Regressor,poverty_rate,0.014779016697222234
Gradient Boosting Regressor,professional_degree,0.014342351208737633
Gradient Boosting Regressor,B15003_021E,0.011593009987085175
Gradient Boosting Regressor,B02001_009E,0.009206017501581325
Gradient Boosting Regressor,B15003_022E,0.007741851000014977
Gradient Boosting Regressor,unemployment_rate,0.007308519396530171
Gradient Boosting Regressor,bachelors_degree,0.007167297929126545
Gradient Boosting Regressor,B23025_007E,0.007110649622526262
Gradient Boosting Regressor,B01001_042E,0.006625447551155926
Gradient Boosting Regressor,B17001_010E,0.006236352477165081
Gradient Boosting Regressor,B01001_049E,0.006147935272593536
Gradient Boosting Regressor,B02001_008E,0.003980557381217269
Gradient Boosting Regressor,B15003_011E,0.0037470446333074587
Gradient Boosting Regressor,B01001_020E,0.003600027984283826
Gradient Boosting Regressor,B01001_046E,0.00302702740464443
Gradient Boosting Regressor,B15003_018E,0.0030253606508460315
Gradient Boosting Regressor,B17001_057E,0.0027850185420859783
Gradient Boosting Regressor,B02001_005E,0.0025698695697748356
Gradient Boosting Regressor,B15003_010E,0.002469021236878828
Gradient Boosting Regressor,B01001_021E,0.002416790265227687
Gradient Boosting Regressor,B19013_001E,0.0023997160718476985
Gradient Boosting Regressor,B15003_006E,0.0023719796026782465
Gradient Boosting Regressor,B25001_001E,0.0022910644856173838
Gradient Boosting Regressor,median_income,0.002151267739431537
Gradient Boosting Regressor,B17001_013E,0.002123432697574855
Gradient Boosting Regressor,B17001_037E,0.002039401775344003
Gradient Boosting Regressor,B01001_029E,0.0019037868770149014
Gradient Boosting Regressor,B02001_010E,0.0018234766225488223
Gradient Boosting Regressor,B15003_012E,0.0017681803841821174
Gradient Boosting Regressor,B01001_045E,0.0017612582501078415
Gradient Boosting Regressor,B17001_051E,0.0017383108704000045
Gradient Boosting Regressor,total_housing_units,0.0017298677083861977
Gradient Boosting Regressor,B01001_017E,0.001532223031697789
Gradient Boosting Regressor,B15003_014E,0.001323092031679675
Gradient Boosting Regressor,B01001_033E,0.001227952889582508
Gradient Boosting Regressor,B17001_023E,0.0012071124841782402
Gradient Boosting Regressor,B02001_007E,0.001167109363715955
Gradient Boosting Regressor,B17001_014E,0.0011558862517097631
Gradient Boosting Regressor,B15003_007E,0.0011556018956850975
Gradient Boosting Regressor,B01001_023E,0.0010658204634480532
Gradient Boosting Regressor,B15003_002E,0.0010635406433905788
Gradient Boosting Regressor,B23025_005E,0.0010372991793018574
Gradient Boosting Regressor,B02001_004E,0.001020695430015869
Gradient Boosting Regressor,B01001_022E,0.0009442548801467567
Gradient Boosting Regressor,B15003_015E,0.0009419380250664978
Gradient Boosting Regressor,B17001_028E,0.000937693813577412
Gradient Boosting Regressor,B17001_034E,0.0009270292465816522
Gradient Boosting Regressor,B01001_032E,0.0009253183546507434
Gradient Boosting Regressor,B17001_030E,0.0008878671261321769
Gradient Boosting Regressor,B15003_023E,0.0008631588458643175
Gradient Boosting Regressor,B17001_052E,0.0008580191240991854
Gradient Boosting Regressor,masters_degree,0.0008078951196223575
Gradient Boosting Regressor,B17001_004E,0.0007985810180927196
Gradient Boosting Regressor,B17001_022E,0.0007873130563155524
Gradient Boosting Regressor,B17001_017E,0.0007766114834710306
Gradient Boosting Regressor,B17001_016E,0.0007161790747180068
Gradient Boosting Regressor,B01001_038E,0.0007094734349555444
Gradient Boosting Regressor,B01001_041E,0.0007080460425443259
Gradient Boosting Regressor,B01001_003E,0.0006501473171634576
Gradient Boosting Regressor,B15003_017E,0.0006370952960438848
Gradient Boosting Regressor,B02001_003E,0.0006014704320824307
Gradient Boosting Regressor,B17001_036E,0.0005948311098163127
Gradient Boosting Regressor,B17001_047E,0.0005766142488745012
Gradient Boosting Regressor,B01001_030E,0.0005742502260447544
Gradient Boosting Regressor,B17001_021E,0.0005662483216823093
Gradient Boosting Regressor,B15003_016E,0.0005660853796875949
Gradient Boosting Regressor,B01001_028E,0.000560030849611029
Gradient Boosting Regressor,B15003_019E,0.0005503650887279795
Gradient Boosting Regressor,B15003_004E,0.0005389901302911926
Gradient Boosting Regressor,B17001_025E,0.0005254113276388461
Gradient Boosting Regressor,black_population,0.0005024315069134261
Gradient Boosting Regressor,B02001_006E,0.00048345920684753763
Gradient Boosting Regressor,B17001_033E,0.0004741717103778452
Gradient Boosting Regressor,B01001_024E,0.00046557305150500794
Gradient Boosting Regressor,B17001_050E,0.0004597890486347787
Gradient Boosting Regressor,asian_population,0.00041790019074335185
Gradient Boosting Regressor,B01001_011E,0.00041762858772378324
Gradient Boosting Regressor,B17001_007E,0.0003681704296567047
Gradient Boosting Regressor,B15003_008E,0.00035991709859566474
Gradient Boosting Regressor,B17001_059E,0.0003383729645352576
Gradient Boosting Regressor,B01001_010E,0.0003118793639651147
Gradient Boosting Regressor,B01001_009E,0.00030901016078586723
Gradient Boosting Regressor,B17001_027E,0.0003016851593333426
Gradient Boosting Regressor,B17001_015E,0.0002939011483302465
Gradient Boosting Regressor,B17001_049E,0.00029382157923997477
Gradient Boosting Regressor,B17001_035E,0.0002884811258547392
Gradient Boosting Regressor,B15003_013E,0.00028591509790371137
Gradient Boosting Regressor,B17001_005E,0.0002695076370006413
Gradient Boosting Regressor,B01001_006E,0.00025715325009916494
Gradient Boosting Regressor,B01001_035E,0.00025461947338732373
Gradient Boosting Regressor,B17001_048E,0.00024932950615305926
Gradient Boosting Regressor,B15003_009E,0.00024411565349357763
Gradient Boosting Regressor,B15003_005E,0.00024071427216580275
Gradient Boosting Regressor,B17001_045E,0.0002200642906547065
Gradient Boosting Regressor,B23025_004E,0.0002181983425947711
Gradient Boosting Regressor,B17001_020E,0.00021249961403116568
Gradient Boosting Regressor,B17001_009E,0.00020858945542096208
Gradient Boosting Regressor,B01001_014E,0.0002077440577392865
Gradient Boosting Regressor,B01001_031E,0.0002068026758679007
Gradient Boosting Regressor,B01001_039E,0.00020195666540224986
Gradient Boosting Regressor,B01001_044E,0.00019062660254024898
Gradient Boosting Regressor,B17001_018E,0.00018230664048930872
Gradient Boosting Regressor,B17001_029E,0.00018093459896417974
Gradient Boosting Regressor,B17001_012E,0.0001752874557986537
Gradient Boosting Regressor,B01001_007E,0.0001726527032274457
Gradient Boosting Regressor,B01001_013E,0.00017012512614244797
Gradient Boosting Regressor,B17001_054E,0.00014882139512089536
Gradient Boosting Regressor,B17001_053E,0.00014864048274350445
Gradient Boosting Regressor,B01001_025E,0.00014014894091642316
Gradient Boosting Regressor,B01001_043E,0.00013532907107586278
Gradient Boosting Regressor,B01001_037E,0.0001345128772092917
Gradient Boosting Regressor,B23025_006E,0.00012975838994905476
Gradient Boosting Regressor,B01001_034E,0.00012711806634038762
Gradient Boosting Regressor,B01001_048E,0.00011900003323350645
Gradient Boosting Regressor,B01001_040E,0.00011779612603360113
Gradient Boosting Regressor,B17001_008E,0.0001152837730134468
Gradient Boosting Regressor,B01001_027E,0.00011482231535906054
Gradient Boosting Regressor,B01001_015E,0.0001070435513770246
Gradient Boosting Regressor,B17001_056E,0.00010647307828643127
Gradient Boosting Regressor,B17001_039E,0.00010399661160620898
Gradient Boosting Regressor,B17001_019E,9.190386918622263e-05
Gradient Boosting Regressor,B01001_008E,8.915258914367065e-05
Gradient Boosting Regressor,B17001_006E,8.13228035487344e-05
Gradient Boosting Regressor,B17001_043E,7.919256497903156e-05
Gradient Boosting Regressor,unemployed,7.838707065267266e-05
Gradient Boosting Regressor,B17001_011E,7.811804782782143e-05
Gradient Boosting Regressor,B17001_042E,5.950192289855516e-05
Gradient Boosting Regressor,B17001_058E,5.306890623585274e-05
Gradient Boosting Regressor,B01001_012E,3.8242291331466124e-05
Gradient Boosting Regressor,B01001_019E,3.0054932271271687e-05
Gradient Boosting Regressor,below_poverty,2.715133866565147e-05
Gradient Boosting Regressor,B01001_004E,2.171853147652873e-05
Gradient Boosting Regressor,B01001_001E,7.105322065551542e-06
Gradient Boosting Regressor,B17001_002E,6.324879280002709e-06
Gradient Boosting Regressor,B01001_002E,2.6166755369241935e-06
Gradient Boosting Regressor,B17001_003E,1.1454677675712635e-06
Gradient Boosting Regressor,B01001_016E,8.201224322422109e-07
Gradient Boosting Regressor,B23025_001E,6.376539479492715e-07
Gradient Boosting Regressor,B17001_032E,2.523379813191954e-07
Gradient Boosting Regressor,B01001_005E,0.0
Gradient Boosting Regressor,B01001_036E,0.0
Gradient Boosting Regressor,B01001_026E,0.0
Gradient Boosting Regressor,B01001_018E,0.0
Gradient Boosting Regressor,B02001_001E,0.0
Gradient Boosting Regressor,B15003_001E,0.0
Gradient Boosting Regressor,B01001_047E,0.0
Gradient Boosting Regressor,B15003_003E,0.0
Gradient Boosting Regressor,B02001_002E,0.0
Gradient Boosting Regressor,B15003_020E,0.0
Gradient Boosting Regressor,B17001_001E,0.0
Gradient Boosting Regressor,B17001_044E,0.0
Gradient Boosting Regressor,B17001_046E,0.0
Gradient Boosting Regressor,B17001_040E,0.0
Gradient Boosting Regressor,B17001_026E,0.0
Gradient Boosting Regressor,B17001_031E,0.0
Gradient Boosting Regressor,B17001_038E,0.0
Gradient Boosting Regressor,B17001_055E,0.0
Gradient Boosting Regressor,B17001_041E,0.0
Gradient Boosting Regressor,B23025_002E,0.0
Gradient Boosting Regressor,B23025_003E,0.0
Gradient Boosting Regressor,labor_force,0.0
Gradient Boosting Regressor,total_population,0.0
Gradient Boosting Regressor,white_population,0.0
Gradient Boosting Regressor,log_population,0.0
